date	likes	retweets	replies
Wed, 04 Nov 2020 15:35:15 GMT	157582	71155	32247
Wed, 04 Nov 2020 16:55:31 GMT	620308	198580	178609
Wed, 04 Nov 2020 17:01:15 GMT	0	0	0
Wed, 04 Nov 2020 17:17:31 GMT	97324	19485	17056
Wed, 04 Nov 2020 18:43:43 GMT	413599	91252	61845
Wed, 04 Nov 2020 18:52:32 GMT	384315	83710	98202
Wed, 04 Nov 2020 21:56:10 GMT	347765	135003	135875
Wed, 04 Nov 2020 21:56:11 GMT	0	0	0
Wed, 04 Nov 2020 23:24:59 GMT	527267	115927	116747
Thu, 05 Nov 2020 00:00:05 GMT	168968	48303	27124
Thu, 05 Nov 2020 00:01:07 GMT	245105	81030	72422
Thu, 05 Nov 2020 04:35:03 GMT	77458	26693	9073
Thu, 05 Nov 2020 14:12:37 GMT	741472	440356	352232
Thu, 05 Nov 2020 15:09:19 GMT	0	0	0
Thu, 05 Nov 2020 15:37:40 GMT	121985	35808	32768
Thu, 05 Nov 2020 15:38:45 GMT	136466	26674	17279
Thu, 05 Nov 2020 16:07:27 GMT	670898	111838	97739
Thu, 05 Nov 2020 16:22:46 GMT	0	0	0
Thu, 05 Nov 2020 17:21:45 GMT	0	0	0
Thu, 05 Nov 2020 18:23:03 GMT	90527	43279	6136
Thu, 05 Nov 2020 18:27:46 GMT	66268	27656	5895
Thu, 05 Nov 2020 18:36:37 GMT	51388	20812	4100
Thu, 05 Nov 2020 21:05:33 GMT	83867	24567	12495
Thu, 05 Nov 2020 23:26:07 GMT	395958	53285	101866
Fri, 06 Nov 2020 02:15:44 GMT	81427	16197	5744
Fri, 06 Nov 2020 02:38:01 GMT	0	0	0
Fri, 06 Nov 2020 02:38:34 GMT	177951	38173	27431
Fri, 06 Nov 2020 02:38:43 GMT	0	0	0
Fri, 06 Nov 2020 02:38:49 GMT	0	0	0
Fri, 06 Nov 2020 05:05:17 GMT	48092	13597	2483
Fri, 06 Nov 2020 07:20:19 GMT	336779	76252	58171
Fri, 06 Nov 2020 07:22:47 GMT	0	0	0
Fri, 06 Nov 2020 07:23:33 GMT	491702	112258	123584
Fri, 06 Nov 2020 15:07:43 GMT	308320	75107	99585
Fri, 06 Nov 2020 16:17:19 GMT	30551	8140	1816
Fri, 06 Nov 2020 16:28:39 GMT	262341	65426	37571
Fri, 06 Nov 2020 16:28:41 GMT	72098	18854	3863
Fri, 06 Nov 2020 16:28:42 GMT	154194	28698	13066
Fri, 06 Nov 2020 16:28:42 GMT	174190	34892	16413
Fri, 06 Nov 2020 16:31:20 GMT	26131	6285	1210
Fri, 06 Nov 2020 16:37:01 GMT	410884	78175	76840
Fri, 06 Nov 2020 17:38:17 GMT	645245	151813	159319
Fri, 06 Nov 2020 17:48:23 GMT	46442	16143	4251
Fri, 06 Nov 2020 17:51:37 GMT	68764	20750	7539
Fri, 06 Nov 2020 18:11:54 GMT	85354	23437	7448
Fri, 06 Nov 2020 19:31:21 GMT	73545	20242	14221
Fri, 06 Nov 2020 22:10:08 GMT	112089	44573	10021
Fri, 06 Nov 2020 22:23:29 GMT	0	0	0
Fri, 06 Nov 2020 22:45:07 GMT	63657	15553	4998
Fri, 06 Nov 2020 22:50:13 GMT	669933	166869	155417
Fri, 06 Nov 2020 23:25:39 GMT	574056	147048	183358
Sat, 07 Nov 2020 00:00:15 GMT	45584	10424	3679
Sat, 07 Nov 2020 01:11:58 GMT	124958	35421	19545
Sat, 07 Nov 2020 01:35:00 GMT	68009	24692	5052
Sat, 07 Nov 2020 02:26:58 GMT	373280	80640	100653
Sat, 07 Nov 2020 04:10:49 GMT	335172	87663	60206
Sat, 07 Nov 2020 13:20:18 GMT	0	0	0
Sat, 07 Nov 2020 13:20:19 GMT	0	0	0
Sat, 07 Nov 2020 13:20:20 GMT	0	0	0
Sat, 07 Nov 2020 13:28:02 GMT	0	0	0
Sat, 07 Nov 2020 14:45:37 GMT	467759	90062	100265
Sat, 07 Nov 2020 15:23:00 GMT	293047	89397	55988
Sat, 07 Nov 2020 15:36:36 GMT	1181111	883498	971803
Sat, 07 Nov 2020 16:58:32 GMT	26984	7069	1796
Sat, 07 Nov 2020 19:49:13 GMT	25519	8221	2114
Sat, 07 Nov 2020 20:40:59 GMT	47907	14313	4787
Sat, 07 Nov 2020 21:53:34 GMT	679688	259352	290040
Sat, 07 Nov 2020 21:54:48 GMT	972183	245985	435138
Sun, 08 Nov 2020 02:39:12 GMT	23335	7137	1385
Sun, 08 Nov 2020 05:23:49 GMT	39100	7669	1882
Sun, 08 Nov 2020 05:30:42 GMT	30000	5252	1505
Sun, 08 Nov 2020 05:42:15 GMT	38863	7187	2341
Sun, 08 Nov 2020 06:57:47 GMT	41271	7271	1674
Sun, 08 Nov 2020 13:38:19 GMT	387760	89674	65848
Sun, 08 Nov 2020 13:38:20 GMT	96465	21782	5872
Sun, 08 Nov 2020 13:38:21 GMT	234815	42935	19849
Sun, 08 Nov 2020 13:38:22 GMT	214346	35828	23404
Sun, 08 Nov 2020 14:17:33 GMT	512166	130023	148419
Sun, 08 Nov 2020 14:17:35 GMT	298763	53721	39970
Sun, 08 Nov 2020 15:16:32 GMT	54999	10361	4968
Sun, 08 Nov 2020 15:26:57 GMT	57626	13761	3188
Sun, 08 Nov 2020 16:15:56 GMT	49776	9246	4486
Sun, 08 Nov 2020 17:00:30 GMT	31428	8252	2128
Sun, 08 Nov 2020 18:52:47 GMT	684973	155006	172605
Sun, 08 Nov 2020 19:55:32 GMT	259742	72780	53286
Sun, 08 Nov 2020 21:13:37 GMT	20434	6324	1379
Sun, 08 Nov 2020 22:00:07 GMT	44848	10712	2983
Sun, 08 Nov 2020 22:18:51 GMT	402113	81714	65409
Sun, 08 Nov 2020 22:26:27 GMT	216412	54989	26279
Mon, 09 Nov 2020 00:22:05 GMT	249850	63060	25710
Mon, 09 Nov 2020 00:23:26 GMT	200117	52578	32147
Mon, 09 Nov 2020 04:14:54 GMT	154233	36739	13861
Mon, 09 Nov 2020 04:34:36 GMT	110318	24286	5213
Mon, 09 Nov 2020 04:34:42 GMT	112858	23994	5088
Mon, 09 Nov 2020 04:34:51 GMT	110165	23126	5771
Mon, 09 Nov 2020 04:34:59 GMT	132139	29782	9258
Mon, 09 Nov 2020 04:35:05 GMT	203610	56895	19862
Mon, 09 Nov 2020 04:54:16 GMT	219530	60393	32056
Mon, 09 Nov 2020 12:04:53 GMT	74551	23879	7354
Mon, 09 Nov 2020 12:31:44 GMT	715803	122213	121617
Mon, 09 Nov 2020 13:20:51 GMT	96704	28320	16357
Mon, 09 Nov 2020 15:15:35 GMT	32911	9827	2314
Mon, 09 Nov 2020 17:54:50 GMT	235914	42521	30556
Mon, 09 Nov 2020 17:54:50 GMT	381504	80681	36339
Mon, 09 Nov 2020 19:08:55 GMT	78614	20658	7271
Mon, 09 Nov 2020 19:36:26 GMT	489421	113212	45607
Mon, 09 Nov 2020 19:54:33 GMT	360524	90437	37399
Mon, 09 Nov 2020 20:02:19 GMT	345198	66204	27423
Mon, 09 Nov 2020 20:17:47 GMT	475825	92990	52253
Mon, 09 Nov 2020 20:21:43 GMT	633480	110128	78958
Mon, 09 Nov 2020 21:31:31 GMT	147335	70603	13417
Mon, 09 Nov 2020 21:41:08 GMT	106850	31729	16164
Mon, 09 Nov 2020 22:48:55 GMT	43086	9813	3435
Mon, 09 Nov 2020 23:11:47 GMT	154688	38538	10441
Mon, 09 Nov 2020 23:12:24 GMT	131665	31291	9203
Mon, 09 Nov 2020 23:14:38 GMT	153548	37086	13638
Mon, 09 Nov 2020 23:39:37 GMT	29321	7144	2419
Tue, 10 Nov 2020 00:19:24 GMT	256670	66401	31996
Tue, 10 Nov 2020 00:23:24 GMT	132053	31382	7945
Tue, 10 Nov 2020 00:38:59 GMT	155447	29613	11650
Tue, 10 Nov 2020 00:38:59 GMT	151379	29398	9783
Tue, 10 Nov 2020 00:38:59 GMT	252410	59155	21580
Tue, 10 Nov 2020 00:40:18 GMT	290028	66480	28204
Tue, 10 Nov 2020 00:41:12 GMT	330220	65018	49986
Tue, 10 Nov 2020 00:43:19 GMT	375766	81396	55443
Tue, 10 Nov 2020 00:58:05 GMT	100301	23297	9265
Tue, 10 Nov 2020 01:01:02 GMT	136820	36394	9405
Tue, 10 Nov 2020 01:03:15 GMT	134429	36818	8407
Tue, 10 Nov 2020 01:03:40 GMT	147436	40945	13809
Tue, 10 Nov 2020 01:27:06 GMT	214939	51966	31454
Tue, 10 Nov 2020 01:35:08 GMT	27546	7185	1704
Tue, 10 Nov 2020 02:04:31 GMT	39727	6320	1703
Tue, 10 Nov 2020 02:45:37 GMT	65202	16982	4487
Tue, 10 Nov 2020 04:36:35 GMT	71045	16962	3796
Tue, 10 Nov 2020 05:18:11 GMT	133061	37623	11756
Tue, 10 Nov 2020 05:38:07 GMT	250527	53421	38891
Tue, 10 Nov 2020 13:01:15 GMT	300569	61338	21770
Tue, 10 Nov 2020 13:05:44 GMT	372992	64018	46533
Tue, 10 Nov 2020 13:43:35 GMT	634443	122779	59873
Tue, 10 Nov 2020 13:44:22 GMT	1018074	250454	225955
Tue, 10 Nov 2020 14:40:13 GMT	22297	5612	2116
Tue, 10 Nov 2020 15:33:06 GMT	417261	83714	33346
Tue, 10 Nov 2020 15:33:47 GMT	521598	93469	59038
Tue, 10 Nov 2020 15:51:40 GMT	316114	65847	35034
Tue, 10 Nov 2020 16:04:57 GMT	346676	74666	35468
Tue, 10 Nov 2020 16:09:59 GMT	68153	47725	2871
Tue, 10 Nov 2020 16:49:04 GMT	193442	36318	11744
Tue, 10 Nov 2020 17:13:39 GMT	188581	36915	10836
Tue, 10 Nov 2020 17:13:57 GMT	400106	62226	52398
Tue, 10 Nov 2020 18:50:10 GMT	59023	17063	3500
Tue, 10 Nov 2020 19:50:31 GMT	50039	15040	2599
Tue, 10 Nov 2020 20:17:24 GMT	89805	15231	3876
Tue, 10 Nov 2020 20:38:11 GMT	57225	16987	9353
Tue, 10 Nov 2020 21:55:17 GMT	63524	18812	5807
Tue, 10 Nov 2020 23:01:26 GMT	63791	21695	5059
Tue, 10 Nov 2020 23:21:51 GMT	454052	107873	58754
Wed, 11 Nov 2020 00:02:00 GMT	41907	15147	2693
Wed, 11 Nov 2020 00:04:44 GMT	151863	35670	9338
Wed, 11 Nov 2020 00:06:20 GMT	128910	36657	9324
Wed, 11 Nov 2020 00:07:59 GMT	163691	46033	15222
Wed, 11 Nov 2020 00:40:31 GMT	142140	64101	28201
Wed, 11 Nov 2020 00:55:12 GMT	397682	92179	48408
Wed, 11 Nov 2020 01:55:26 GMT	291069	66119	20270
Wed, 11 Nov 2020 01:59:13 GMT	252425	58638	23462
Wed, 11 Nov 2020 02:06:22 GMT	165847	31642	9184
Wed, 11 Nov 2020 02:09:38 GMT	150263	40488	8704
Wed, 11 Nov 2020 02:15:42 GMT	222540	68502	14327
Wed, 11 Nov 2020 02:20:13 GMT	125847	35218	11842
Wed, 11 Nov 2020 02:26:46 GMT	181115	44065	21361
Wed, 11 Nov 2020 02:37:06 GMT	253698	58896	34223
Wed, 11 Nov 2020 02:49:52 GMT	52113	13627	3709
Wed, 11 Nov 2020 03:27:21 GMT	99474	34817	5153
Wed, 11 Nov 2020 03:41:22 GMT	222839	62408	36577
Wed, 11 Nov 2020 04:49:56 GMT	73057	25640	6537
Wed, 11 Nov 2020 13:08:42 GMT	36146	10605	2551
Wed, 11 Nov 2020 13:35:55 GMT	296932	68809	38394
Wed, 11 Nov 2020 13:47:23 GMT	32475	8932	1475
Wed, 11 Nov 2020 13:48:12 GMT	143021	36918	20619
Wed, 11 Nov 2020 14:03:03 GMT	333102	73708	67663
Wed, 11 Nov 2020 14:44:47 GMT	87728	26738	8001
Wed, 11 Nov 2020 15:07:17 GMT	194853	36706	18655
Wed, 11 Nov 2020 17:04:43 GMT	30431	6643	2237
Wed, 11 Nov 2020 17:13:45 GMT	232500	45312	21492
Wed, 11 Nov 2020 18:38:33 GMT	82306	21288	9364
Wed, 11 Nov 2020 19:53:51 GMT	296193	61076	25486
Wed, 11 Nov 2020 20:31:26 GMT	49872	20193	4513
Wed, 11 Nov 2020 20:52:37 GMT	137026	35636	12636
Wed, 11 Nov 2020 20:59:21 GMT	317710	117389	64874
Wed, 11 Nov 2020 21:14:02 GMT	204513	42576	34480
Wed, 11 Nov 2020 23:04:47 GMT	452141	117497	105856
Wed, 11 Nov 2020 23:48:57 GMT	491431	86532	58516
Wed, 11 Nov 2020 23:50:49 GMT	356828	70926	41078
Thu, 12 Nov 2020 00:13:08 GMT	407866	105617	80744
Thu, 12 Nov 2020 00:31:00 GMT	42630	13379	5397
Thu, 12 Nov 2020 00:33:49 GMT	51678	14635	4494
Thu, 12 Nov 2020 02:08:36 GMT	53750	17003	2650
Thu, 12 Nov 2020 02:21:27 GMT	323637	80661	49263
Thu, 12 Nov 2020 02:48:18 GMT	59720	23514	3324
Thu, 12 Nov 2020 02:59:55 GMT	72290	27423	5695
Thu, 12 Nov 2020 03:41:10 GMT	141491	38309	12374
Thu, 12 Nov 2020 04:17:21 GMT	246728	64902	20379
Thu, 12 Nov 2020 04:26:33 GMT	114370	33792	4149
Thu, 12 Nov 2020 04:59:25 GMT	55890	25710	4093
Thu, 12 Nov 2020 06:24:21 GMT	43911	15131	2637
Thu, 12 Nov 2020 12:45:33 GMT	54682	9101	4111
Thu, 12 Nov 2020 13:13:52 GMT	169855	40982	18591
Thu, 12 Nov 2020 13:15:10 GMT	198449	36642	13446
Thu, 12 Nov 2020 13:20:18 GMT	204251	49288	21904
Thu, 12 Nov 2020 13:50:00 GMT	317028	79902	36543
Thu, 12 Nov 2020 14:26:29 GMT	234944	53952	26806
Thu, 12 Nov 2020 15:08:47 GMT	132953	37856	24888
Thu, 12 Nov 2020 15:12:09 GMT	230026	41237	15348
Thu, 12 Nov 2020 15:16:02 GMT	168890	38498	10484
Thu, 12 Nov 2020 15:17:35 GMT	200193	32487	10794
Thu, 12 Nov 2020 15:25:06 GMT	235345	57442	13969
Thu, 12 Nov 2020 15:31:27 GMT	66537	13139	7684
Thu, 12 Nov 2020 15:31:55 GMT	82755	39591	8687
Thu, 12 Nov 2020 15:33:38 GMT	46955	8532	3884
Thu, 12 Nov 2020 16:10:18 GMT	346035	85971	89893
Thu, 12 Nov 2020 16:34:00 GMT	617106	248262	173383
Thu, 12 Nov 2020 19:25:27 GMT	38612	11490	2345
Thu, 12 Nov 2020 20:44:45 GMT	43885	10264	8948
Thu, 12 Nov 2020 23:18:47 GMT	31755	8909	1120
Fri, 13 Nov 2020 00:21:31 GMT	76444	26763	18686
Fri, 13 Nov 2020 01:56:06 GMT	56780	18663	2618
Fri, 13 Nov 2020 03:46:13 GMT	317760	73576	53517
Fri, 13 Nov 2020 04:03:28 GMT	58648	22113	3704
Fri, 13 Nov 2020 04:14:11 GMT	177422	43226	19679
Fri, 13 Nov 2020 04:17:46 GMT	189116	57995	68501
Fri, 13 Nov 2020 06:13:35 GMT	36421	11133	2599
Fri, 13 Nov 2020 15:54:29 GMT	92338	24582	9636
Fri, 13 Nov 2020 15:55:30 GMT	116412	33551	12957
Fri, 13 Nov 2020 15:59:29 GMT	350385	85860	79305
Fri, 13 Nov 2020 18:35:54 GMT	404185	95585	69603
Fri, 13 Nov 2020 19:00:01 GMT	66504	17511	8519
Fri, 13 Nov 2020 19:32:05 GMT	53433	15264	8086
Fri, 13 Nov 2020 20:30:00 GMT	40743	12260	3107
Fri, 13 Nov 2020 20:38:12 GMT	314930	74594	45597
Fri, 13 Nov 2020 20:58:22 GMT	35358	9634	1391
Fri, 13 Nov 2020 21:07:38 GMT	279661	37486	35249
Fri, 13 Nov 2020 21:25:29 GMT	73841	18986	14282
Fri, 13 Nov 2020 21:47:09 GMT	49405	10472	4462
Fri, 13 Nov 2020 21:53:01 GMT	55653	10228	5169
Fri, 13 Nov 2020 22:01:02 GMT	115693	22494	7597
Fri, 13 Nov 2020 22:01:11 GMT	111001	22677	11863
Fri, 13 Nov 2020 22:01:17 GMT	67249	14385	6678
Fri, 13 Nov 2020 22:06:48 GMT	85719	30327	8722
Fri, 13 Nov 2020 22:21:17 GMT	147633	47439	15611
Fri, 13 Nov 2020 23:19:03 GMT	116252	38129	13635
Sat, 14 Nov 2020 00:09:06 GMT	108437	28722	8658
Sat, 14 Nov 2020 00:12:54 GMT	92688	24090	7096
Sat, 14 Nov 2020 00:28:15 GMT	414356	105728	85358
Sat, 14 Nov 2020 00:50:23 GMT	244542	71778	40316
Sat, 14 Nov 2020 01:14:19 GMT	40796	14647	1975
Sat, 14 Nov 2020 01:56:17 GMT	68161	21628	5017
Sat, 14 Nov 2020 02:22:18 GMT	111794	41563	12628
Sat, 14 Nov 2020 02:23:29 GMT	248765	55434	29970
Sat, 14 Nov 2020 02:29:32 GMT	163917	42426	13808
Sat, 14 Nov 2020 05:21:42 GMT	134885	46026	11508
Sat, 14 Nov 2020 05:22:31 GMT	189153	44041	15928
Sat, 14 Nov 2020 06:08:07 GMT	177935	36320	11609
Sat, 14 Nov 2020 07:19:56 GMT	100722	49564	6919
Sat, 14 Nov 2020 14:29:25 GMT	251580	71773	26578
Sat, 14 Nov 2020 14:29:26 GMT	199125	45423	19005
Sat, 14 Nov 2020 15:23:07 GMT	314735	54045	27254
Sat, 14 Nov 2020 15:24:50 GMT	222915	32662	8602
Sat, 14 Nov 2020 15:44:19 GMT	213819	46687	33108
Sat, 14 Nov 2020 15:44:20 GMT	128959	25874	15211
Sat, 14 Nov 2020 17:47:59 GMT	122868	33026	10999
Sat, 14 Nov 2020 18:00:01 GMT	31354	6807	2153
Sat, 14 Nov 2020 18:09:47 GMT	136448	44805	8724
Sat, 14 Nov 2020 18:54:23 GMT	50139	12344	4707
Sat, 14 Nov 2020 19:06:28 GMT	178507	45576	10239
Sat, 14 Nov 2020 19:20:09 GMT	82577	27780	7979
Sat, 14 Nov 2020 20:00:01 GMT	33433	7305	1746
Sat, 14 Nov 2020 20:01:35 GMT	73666	18885	5759
Sat, 14 Nov 2020 20:07:56 GMT	277241	76497	31648
Sat, 14 Nov 2020 20:17:01 GMT	317245	74878	33275
Sat, 14 Nov 2020 20:24:27 GMT	256065	66851	32247
Sat, 14 Nov 2020 20:51:21 GMT	299949	79390	29480
Sat, 14 Nov 2020 20:55:10 GMT	77230	20474	4449
Sat, 14 Nov 2020 20:57:08 GMT	362029	70418	50047
Sat, 14 Nov 2020 20:57:23 GMT	76381	23875	3851
Sat, 14 Nov 2020 21:00:00 GMT	36015	7390	3361
Sat, 14 Nov 2020 21:01:56 GMT	117226	21709	7409
Sat, 14 Nov 2020 21:10:23 GMT	152295	51740	11657
Sat, 14 Nov 2020 21:24:15 GMT	261207	83843	39782
Sat, 14 Nov 2020 21:52:27 GMT	41561	25910	9003
Sat, 14 Nov 2020 21:58:36 GMT	220587	89087	16002
Sat, 14 Nov 2020 22:00:00 GMT	37157	8788	2452
Sat, 14 Nov 2020 22:36:14 GMT	43395	23479	6112
Sat, 14 Nov 2020 22:44:37 GMT	26611	13741	3432
Sat, 14 Nov 2020 23:07:53 GMT	333171	82616	65428
Sun, 15 Nov 2020 00:10:05 GMT	150186	28255	9537
Sun, 15 Nov 2020 00:33:24 GMT	30579	9027	1951
Sun, 15 Nov 2020 01:10:41 GMT	65052	29522	6781
Sun, 15 Nov 2020 01:28:44 GMT	36879	9516	1923
Sun, 15 Nov 2020 02:10:09 GMT	59337	15675	3021
Sun, 15 Nov 2020 02:25:00 GMT	46020	10441	3748
Sun, 15 Nov 2020 02:30:00 GMT	61000	15597	4140
Sun, 15 Nov 2020 02:42:29 GMT	31612	9457	2631
Sun, 15 Nov 2020 02:45:00 GMT	43107	12875	2231
Sun, 15 Nov 2020 02:50:00 GMT	30188	7175	1360
Sun, 15 Nov 2020 03:00:00 GMT	30312	7762	1855
Sun, 15 Nov 2020 03:02:43 GMT	84959	28517	4525
Sun, 15 Nov 2020 03:07:00 GMT	46012	16010	3111
Sun, 15 Nov 2020 03:11:52 GMT	329219	77558	49017
Sun, 15 Nov 2020 03:47:58 GMT	43351	20656	3263
Sun, 15 Nov 2020 04:17:21 GMT	339895	85596	37793
Sun, 15 Nov 2020 04:33:52 GMT	92996	24128	6818
Sun, 15 Nov 2020 04:43:19 GMT	261086	63343	19875
Sun, 15 Nov 2020 04:49:07 GMT	109344	38889	19444
Sun, 15 Nov 2020 04:51:46 GMT	149986	36786	9192
Sun, 15 Nov 2020 04:56:53 GMT	120297	28104	6668
Sun, 15 Nov 2020 05:00:40 GMT	129186	29744	13633
Sun, 15 Nov 2020 05:05:21 GMT	152603	29936	19297
Sun, 15 Nov 2020 05:07:22 GMT	151259	54555	28070
Sun, 15 Nov 2020 12:25:14 GMT	101300	24698	9310
Sun, 15 Nov 2020 12:32:27 GMT	99675	25641	8248
Sun, 15 Nov 2020 12:47:54 GMT	153123	55013	50746
Sun, 15 Nov 2020 12:56:26 GMT	267711	59273	28232
Sun, 15 Nov 2020 13:04:01 GMT	195963	39871	21708
Sun, 15 Nov 2020 13:49:20 GMT	54807	19182	4483
Sun, 15 Nov 2020 14:16:11 GMT	604016	117623	82986
Sun, 15 Nov 2020 14:19:51 GMT	571382	156420	125035
Sun, 15 Nov 2020 14:55:44 GMT	172846	37684	28622
Sun, 15 Nov 2020 14:59:55 GMT	130453	24373	25663
Sun, 15 Nov 2020 16:41:28 GMT	32152	11972	1318
Sun, 15 Nov 2020 17:54:47 GMT	109106	28174	16556
Sun, 15 Nov 2020 18:20:43 GMT	105632	27298	7972
Sun, 15 Nov 2020 18:21:05 GMT	61704	13406	2659
Sun, 15 Nov 2020 18:21:49 GMT	58392	12712	3242
Sun, 15 Nov 2020 19:20:07 GMT	355367	78592	61698
Sun, 15 Nov 2020 19:31:01 GMT	104397	18281	7098
Sun, 15 Nov 2020 21:36:02 GMT	106652	34876	12350
Sun, 15 Nov 2020 21:51:30 GMT	270402	69863	24567
Sun, 15 Nov 2020 21:54:47 GMT	260264	43384	18011
Sun, 15 Nov 2020 21:55:33 GMT	212191	41476	18877
Sun, 15 Nov 2020 22:21:55 GMT	343126	81829	54794
Mon, 16 Nov 2020 00:47:09 GMT	183131	34798	22125
Mon, 16 Nov 2020 01:46:37 GMT	352507	85716	59545
Mon, 16 Nov 2020 01:46:38 GMT	188965	37746	23010
Mon, 16 Nov 2020 01:46:38 GMT	178079	33571	10704
Mon, 16 Nov 2020 02:44:28 GMT	92560	22956	9714
Mon, 16 Nov 2020 04:00:01 GMT	87449	25591	6457
Mon, 16 Nov 2020 04:11:51 GMT	27202	5666	1040
Mon, 16 Nov 2020 04:17:13 GMT	21603	5890	795
Mon, 16 Nov 2020 04:55:48 GMT	717821	325602	264675
Mon, 16 Nov 2020 13:09:45 GMT	82514	19523	4792
Mon, 16 Nov 2020 13:13:41 GMT	105660	26388	4525
Mon, 16 Nov 2020 13:14:59 GMT	100444	26927	5363
Mon, 16 Nov 2020 13:15:50 GMT	143937	35382	12080
Mon, 16 Nov 2020 13:24:13 GMT	129670	18621	4447
Mon, 16 Nov 2020 13:26:19 GMT	163375	44550	10502
Mon, 16 Nov 2020 13:33:18 GMT	122663	22785	9820
Mon, 16 Nov 2020 13:51:44 GMT	681005	183601	170480
Mon, 16 Nov 2020 14:04:50 GMT	254242	56545	22710
Mon, 16 Nov 2020 14:06:23 GMT	281675	50566	25220
Mon, 16 Nov 2020 14:19:29 GMT	318161	68522	77451
Mon, 16 Nov 2020 14:49:06 GMT	218596	34810	20234
Mon, 16 Nov 2020 15:17:31 GMT	56195	23688	5824
Mon, 16 Nov 2020 15:29:34 GMT	122056	31158	11731
Mon, 16 Nov 2020 15:37:04 GMT	343926	73160	49786
Mon, 16 Nov 2020 15:59:33 GMT	342497	50976	37029
Mon, 16 Nov 2020 16:02:58 GMT	273023	42745	25623
Mon, 16 Nov 2020 16:11:09 GMT	306482	57535	63353
Mon, 16 Nov 2020 16:29:54 GMT	206078	63575	18017
Mon, 16 Nov 2020 16:45:02 GMT	43568	12111	1244
Mon, 16 Nov 2020 16:59:52 GMT	301188	74072	48757
Mon, 16 Nov 2020 21:23:05 GMT	212182	59320	41040
Mon, 16 Nov 2020 21:37:01 GMT	78833	27213	10678
Mon, 16 Nov 2020 22:18:45 GMT	73718	21727	3117
Mon, 16 Nov 2020 23:43:29 GMT	281634	80897	46021
Mon, 16 Nov 2020 23:48:09 GMT	134289	39347	14581
Tue, 17 Nov 2020 04:20:19 GMT	220312	46891	34610
Tue, 17 Nov 2020 20:47:34 GMT	478048	85466	38919
Tue, 17 Nov 2020 21:39:24 GMT	215529	56687	33475
Tue, 17 Nov 2020 22:37:58 GMT	124274	33722	10708
Tue, 17 Nov 2020 22:39:41 GMT	111466	24400	8704
Tue, 17 Nov 2020 22:40:26 GMT	174323	47655	32965
Wed, 18 Nov 2020 00:07:44 GMT	175732	42607	31392
Wed, 18 Nov 2020 00:07:44 GMT	228786	59511	35085
Wed, 18 Nov 2020 00:14:00 GMT	141770	29139	12186
Wed, 18 Nov 2020 00:25:56 GMT	228878	49467	32461
Wed, 18 Nov 2020 00:54:35 GMT	107289	29985	9002
Wed, 18 Nov 2020 01:05:08 GMT	195858	44035	21694
Wed, 18 Nov 2020 01:16:40 GMT	119973	28767	21982
Wed, 18 Nov 2020 02:11:08 GMT	511091	97476	72407
Wed, 18 Nov 2020 02:18:42 GMT	146267	34675	21657
Wed, 18 Nov 2020 02:22:04 GMT	174708	40950	16777
Wed, 18 Nov 2020 02:24:59 GMT	191794	48637	30933
Wed, 18 Nov 2020 02:35:24 GMT	66786	32907	4303
Wed, 18 Nov 2020 03:20:02 GMT	140827	32966	27956
Wed, 18 Nov 2020 03:33:07 GMT	56826	16076	3546
Wed, 18 Nov 2020 13:15:48 GMT	160319	32676	14625
Wed, 18 Nov 2020 13:26:55 GMT	35642	10929	2032
Wed, 18 Nov 2020 13:31:43 GMT	246378	64977	42613
Wed, 18 Nov 2020 13:55:05 GMT	138887	41306	16349
Wed, 18 Nov 2020 14:11:52 GMT	141594	36311	19634
Wed, 18 Nov 2020 14:16:28 GMT	121790	32064	18226
Wed, 18 Nov 2020 14:31:51 GMT	249317	58270	27237
Wed, 18 Nov 2020 14:54:23 GMT	374299	73019	57698
Wed, 18 Nov 2020 15:38:20 GMT	195191	48448	15732
Wed, 18 Nov 2020 15:41:09 GMT	359339	80143	49094
Wed, 18 Nov 2020 15:53:24 GMT	49430	25997	6913
Wed, 18 Nov 2020 16:04:29 GMT	313906	72115	39283
Wed, 18 Nov 2020 16:18:12 GMT	72694	32626	6947
Wed, 18 Nov 2020 16:23:38 GMT	182199	58789	23690
Wed, 18 Nov 2020 17:32:52 GMT	56543	19970	5515
Wed, 18 Nov 2020 17:43:52 GMT	143334	43523	16565
Wed, 18 Nov 2020 19:54:03 GMT	148785	32285	25365
Wed, 18 Nov 2020 21:05:30 GMT	80834	19608	47214
Wed, 18 Nov 2020 22:54:22 GMT	137101	54709	14257
Thu, 19 Nov 2020 01:09:01 GMT	43402	8424	4945
Thu, 19 Nov 2020 01:22:17 GMT	368916	138114	73461
Thu, 19 Nov 2020 03:15:11 GMT	63755	19415	14351
Thu, 19 Nov 2020 03:20:34 GMT	45889	14372	2991
Thu, 19 Nov 2020 04:06:32 GMT	77497	26286	4736
Thu, 19 Nov 2020 05:27:04 GMT	230604	51416	22860
Thu, 19 Nov 2020 05:41:14 GMT	187000	54460	21014
Thu, 19 Nov 2020 12:17:07 GMT	94943	16326	3707
Thu, 19 Nov 2020 12:19:53 GMT	121643	24138	6159
Thu, 19 Nov 2020 12:30:21 GMT	146447	38000	17556
Thu, 19 Nov 2020 12:31:53 GMT	84210	18076	4319
Thu, 19 Nov 2020 12:33:02 GMT	365459	45366	36565
Thu, 19 Nov 2020 12:46:28 GMT	301568	56524	33730
Thu, 19 Nov 2020 12:59:05 GMT	332912	78028	49181
Thu, 19 Nov 2020 13:46:18 GMT	250709	55182	23510
Thu, 19 Nov 2020 13:59:47 GMT	219127	53047	30278
Thu, 19 Nov 2020 16:22:17 GMT	250445	65333	33124
Thu, 19 Nov 2020 16:36:58 GMT	257156	50404	28778
Thu, 19 Nov 2020 17:34:26 GMT	302214	69392	47819
Thu, 19 Nov 2020 18:20:25 GMT	78493	24101	9067
Thu, 19 Nov 2020 20:26:24 GMT	116235	29106	18064
Thu, 19 Nov 2020 20:27:46 GMT	192130	43214	35382
Thu, 19 Nov 2020 21:21:28 GMT	120955	29700	13617
Thu, 19 Nov 2020 23:00:01 GMT	42659	11990	5943
Thu, 19 Nov 2020 23:31:53 GMT	153485	33222	21971
Fri, 20 Nov 2020 01:49:29 GMT	222307	78102	57566
Fri, 20 Nov 2020 03:56:13 GMT	61485	17353	8437
Fri, 20 Nov 2020 03:57:23 GMT	66417	15425	2287
Fri, 20 Nov 2020 04:00:35 GMT	43567	13155	3670
Fri, 20 Nov 2020 12:12:49 GMT	64694	9814	5965
Fri, 20 Nov 2020 12:14:28 GMT	243927	59461	24575
Fri, 20 Nov 2020 12:18:52 GMT	137647	37772	15953
Fri, 20 Nov 2020 12:42:24 GMT	32102	5939	3353
Fri, 20 Nov 2020 12:52:49 GMT	97391	23577	9796
Fri, 20 Nov 2020 12:56:13 GMT	121673	26543	10901
Fri, 20 Nov 2020 13:01:17 GMT	118725	21202	8635
Fri, 20 Nov 2020 13:35:44 GMT	158258	34139	18981
Fri, 20 Nov 2020 13:53:00 GMT	159701	43064	37169
Fri, 20 Nov 2020 14:55:24 GMT	207193	50805	40579
Fri, 20 Nov 2020 14:58:05 GMT	80355	23838	5506
Fri, 20 Nov 2020 15:39:40 GMT	101324	19298	5213
Fri, 20 Nov 2020 18:00:05 GMT	52281	13856	4546
Fri, 20 Nov 2020 18:20:41 GMT	235418	31189	19816
Fri, 20 Nov 2020 18:55:23 GMT	48253	16779	3022
Fri, 20 Nov 2020 19:38:33 GMT	272996	68190	44786
Fri, 20 Nov 2020 19:38:34 GMT	169216	30300	22503
Fri, 20 Nov 2020 19:39:00 GMT	94711	23602	16171
Fri, 20 Nov 2020 20:36:50 GMT	38982	17355	2103
Fri, 20 Nov 2020 21:38:08 GMT	57372	25236	4360
Sat, 21 Nov 2020 01:42:00 GMT	178747	55521	14932
Sat, 21 Nov 2020 01:42:14 GMT	108097	29525	10655
Sat, 21 Nov 2020 01:43:19 GMT	141368	43187	22865
Sat, 21 Nov 2020 12:15:27 GMT	107946	21888	7127
Sat, 21 Nov 2020 12:18:11 GMT	139864	29449	9731
Sat, 21 Nov 2020 13:13:32 GMT	143693	34837	16087
Sat, 21 Nov 2020 13:15:24 GMT	157430	37886	17063
Sat, 21 Nov 2020 13:21:20 GMT	477814	45633	40377
Sat, 21 Nov 2020 13:41:35 GMT	104742	18349	5437
Sat, 21 Nov 2020 13:58:39 GMT	461443	92533	82838
Sat, 21 Nov 2020 15:25:26 GMT	27363	7025	623
Sat, 21 Nov 2020 16:28:02 GMT	64192	18711	5815
Sat, 21 Nov 2020 16:54:37 GMT	82580	20971	8709
Sat, 21 Nov 2020 17:10:49 GMT	64794	25854	5320
Sat, 21 Nov 2020 17:18:54 GMT	85401	20604	9424
Sat, 21 Nov 2020 18:51:51 GMT	47966	12817	3258
Sat, 21 Nov 2020 20:34:36 GMT	151900	39941	24499
Sat, 21 Nov 2020 21:20:39 GMT	258369	62407	38364
Sat, 21 Nov 2020 22:13:05 GMT	243146	46169	48623
Sat, 21 Nov 2020 22:35:29 GMT	189767	36914	30581
Sat, 21 Nov 2020 22:48:57 GMT	266060	52919	41341
Sat, 21 Nov 2020 23:13:41 GMT	610263	113914	86166
Sun, 22 Nov 2020 01:18:38 GMT	313195	74484	70699
Sun, 22 Nov 2020 01:18:39 GMT	221616	43619	32580
Sun, 22 Nov 2020 01:33:54 GMT	120694	31401	17108
Sun, 22 Nov 2020 01:41:12 GMT	105086	26724	14932
Sun, 22 Nov 2020 01:49:55 GMT	170275	44337	31535
Sun, 22 Nov 2020 03:25:42 GMT	92976	25920	6340
Sun, 22 Nov 2020 03:26:01 GMT	56961	13908	3646
Sun, 22 Nov 2020 04:15:42 GMT	100492	20080	23365
Sun, 22 Nov 2020 04:23:48 GMT	81729	15306	4386
Sun, 22 Nov 2020 04:30:20 GMT	137528	46790	14384
Sun, 22 Nov 2020 04:31:12 GMT	73632	22875	3787
Sun, 22 Nov 2020 04:32:09 GMT	70890	22534	4880
Sun, 22 Nov 2020 04:54:18 GMT	145803	33281	18153
Sun, 22 Nov 2020 04:55:16 GMT	137203	21539	21239
Sun, 22 Nov 2020 12:11:49 GMT	192069	35625	20060
Sun, 22 Nov 2020 12:24:13 GMT	156759	42250	18633
Sun, 22 Nov 2020 12:25:43 GMT	129150	27404	9086
Sun, 22 Nov 2020 12:27:07 GMT	140917	33439	11986
Sun, 22 Nov 2020 13:13:32 GMT	329735	73557	48292
Sun, 22 Nov 2020 16:56:01 GMT	272672	62817	57548
Sun, 22 Nov 2020 16:59:28 GMT	138512	43591	34126
Sun, 22 Nov 2020 19:54:25 GMT	114435	33107	22635
Sun, 22 Nov 2020 20:16:07 GMT	38853	12078	2300
Mon, 23 Nov 2020 04:12:39 GMT	62606	28119	6723
Mon, 23 Nov 2020 04:37:56 GMT	382443	85226	79437
Mon, 23 Nov 2020 04:57:13 GMT	175029	39811	36615
Mon, 23 Nov 2020 05:31:04 GMT	105674	41722	4230
Mon, 23 Nov 2020 19:59:04 GMT	117211	30595	10412
Mon, 23 Nov 2020 23:16:59 GMT	241096	47876	51925
Mon, 23 Nov 2020 23:16:59 GMT	308911	65762	48567
Tue, 24 Nov 2020 02:10:16 GMT	164291	53140	26348
Tue, 24 Nov 2020 04:07:18 GMT	346564	93326	69462
Tue, 24 Nov 2020 06:48:07 GMT	79740	26028	12969
Tue, 24 Nov 2020 11:03:01 GMT	59508	15998	4448
Tue, 24 Nov 2020 12:33:04 GMT	185264	53034	39551
Tue, 24 Nov 2020 12:50:06 GMT	168803	35176	11573
Tue, 24 Nov 2020 12:52:19 GMT	155845	35983	13814
Tue, 24 Nov 2020 12:53:11 GMT	206633	52972	28471
Tue, 24 Nov 2020 13:17:24 GMT	196944	55164	22074
Tue, 24 Nov 2020 13:29:11 GMT	141873	33247	16316
Tue, 24 Nov 2020 14:45:28 GMT	316283	67005	61506
Tue, 24 Nov 2020 14:51:17 GMT	40046	15189	1766
Tue, 24 Nov 2020 16:59:00 GMT	69372	15594	10552
Tue, 24 Nov 2020 18:54:16 GMT	76805	36065	3199
Tue, 24 Nov 2020 19:16:07 GMT	57605	25642	2914
Tue, 24 Nov 2020 19:20:08 GMT	31375	11375	1511
Tue, 24 Nov 2020 19:20:15 GMT	119531	46411	7602
Tue, 24 Nov 2020 19:25:16 GMT	178661	35409	20328
Tue, 24 Nov 2020 20:07:11 GMT	240103	44497	30855
Tue, 24 Nov 2020 21:46:56 GMT	552312	90768	61587
Tue, 24 Nov 2020 22:37:22 GMT	76269	29426	4109
Tue, 24 Nov 2020 23:04:36 GMT	42422	16194	2208
Wed, 25 Nov 2020 00:12:09 GMT	100486	22718	6187
Wed, 25 Nov 2020 00:26:35 GMT	181293	48796	18645
Wed, 25 Nov 2020 00:26:36 GMT	122575	25695	7017
Wed, 25 Nov 2020 00:27:00 GMT	113403	26846	6992
Wed, 25 Nov 2020 00:27:18 GMT	35400	14374	2467
Wed, 25 Nov 2020 00:55:06 GMT	170853	23931	5747
Wed, 25 Nov 2020 01:08:13 GMT	346884	81114	91312
Wed, 25 Nov 2020 02:23:16 GMT	40207	12106	2207
Wed, 25 Nov 2020 02:42:14 GMT	150833	41010	6177
Wed, 25 Nov 2020 02:47:33 GMT	47530	10768	5161
Wed, 25 Nov 2020 03:10:36 GMT	54427	18772	3396
Wed, 25 Nov 2020 03:34:08 GMT	125104	22279	8953
Wed, 25 Nov 2020 03:50:56 GMT	36887	8822	6448
Wed, 25 Nov 2020 04:13:36 GMT	57925	14878	3112
Wed, 25 Nov 2020 14:14:38 GMT	41239	8152	3336
Wed, 25 Nov 2020 15:16:21 GMT	80940	23414	6561
Wed, 25 Nov 2020 15:25:06 GMT	32565	8020	2334
Wed, 25 Nov 2020 15:33:19 GMT	28926	11264	1729
Wed, 25 Nov 2020 15:33:41 GMT	81857	19453	5801
Wed, 25 Nov 2020 15:44:26 GMT	189433	37541	27353
Wed, 25 Nov 2020 17:39:42 GMT	250819	50963	37998
Wed, 25 Nov 2020 17:45:04 GMT	482641	100498	72460
Wed, 25 Nov 2020 18:25:37 GMT	65138	17984	2489
Wed, 25 Nov 2020 18:26:37 GMT	66163	20728	2533
Wed, 25 Nov 2020 18:51:10 GMT	218571	31186	20870
Wed, 25 Nov 2020 19:21:43 GMT	61967	18468	2554
Wed, 25 Nov 2020 19:26:30 GMT	134726	53438	10206
Wed, 25 Nov 2020 19:41:26 GMT	262477	56110	31041
Wed, 25 Nov 2020 20:07:23 GMT	55130	11370	5178
Wed, 25 Nov 2020 20:24:33 GMT	122688	34241	13100
Wed, 25 Nov 2020 20:42:47 GMT	32036	7747	1797
Wed, 25 Nov 2020 20:42:50 GMT	45921	9465	2064
Wed, 25 Nov 2020 21:08:07 GMT	476457	132275	86554
Wed, 25 Nov 2020 21:12:53 GMT	94173	23664	5191
Wed, 25 Nov 2020 21:36:31 GMT	54207	11770	3050
Wed, 25 Nov 2020 21:44:39 GMT	57645	14215	9933
Wed, 25 Nov 2020 22:12:17 GMT	74895	11058	12238
Wed, 25 Nov 2020 23:17:31 GMT	245612	57760	21459
Wed, 25 Nov 2020 23:59:48 GMT	129466	29860	5327
Thu, 26 Nov 2020 00:01:20 GMT	161638	32654	6198
Thu, 26 Nov 2020 00:02:06 GMT	82432	20256	5758
Thu, 26 Nov 2020 00:07:44 GMT	161896	37799	15026
Thu, 26 Nov 2020 00:14:06 GMT	160964	57300	18694
Thu, 26 Nov 2020 00:20:17 GMT	102091	18759	4530
Thu, 26 Nov 2020 00:24:09 GMT	84510	12891	3484
Thu, 26 Nov 2020 00:34:44 GMT	232231	44117	22222
Thu, 26 Nov 2020 00:46:11 GMT	136861	41561	12872
Thu, 26 Nov 2020 03:00:00 GMT	68477	21418	5150
Thu, 26 Nov 2020 15:35:30 GMT	44552	14255	2887
Thu, 26 Nov 2020 15:44:23 GMT	499482	128179	111620
Thu, 26 Nov 2020 15:48:01 GMT	237259	44382	29372
Thu, 26 Nov 2020 16:30:00 GMT	74706	19044	4566
Thu, 26 Nov 2020 16:44:08 GMT	57737	18888	3192
Thu, 26 Nov 2020 20:16:56 GMT	182287	34208	28861
Thu, 26 Nov 2020 20:42:45 GMT	146263	33638	11984
Thu, 26 Nov 2020 20:53:41 GMT	114972	23076	12248
Thu, 26 Nov 2020 20:56:44 GMT	126235	24554	7957
Thu, 26 Nov 2020 20:58:58 GMT	178791	33850	14718
Thu, 26 Nov 2020 22:29:14 GMT	160693	28502	13948
Thu, 26 Nov 2020 23:52:52 GMT	59956	12829	4526
Thu, 26 Nov 2020 23:53:54 GMT	72889	13786	4370
Fri, 27 Nov 2020 02:19:29 GMT	37593	9603	2590
Fri, 27 Nov 2020 02:53:19 GMT	192567	60122	26664
Fri, 27 Nov 2020 03:49:54 GMT	276285	68373	39232
Fri, 27 Nov 2020 04:06:45 GMT	269474	68916	51642
Fri, 27 Nov 2020 04:11:22 GMT	405306	96763	50118
Fri, 27 Nov 2020 10:05:00 GMT	56104	14872	2887
Fri, 27 Nov 2020 12:35:02 GMT	43771	9931	1884
Fri, 27 Nov 2020 13:22:55 GMT	67251	14643	11921
Fri, 27 Nov 2020 13:36:17 GMT	254554	61716	41245
Fri, 27 Nov 2020 13:36:22 GMT	196681	29619	7867
Fri, 27 Nov 2020 13:36:23 GMT	255261	83851	24727
Fri, 27 Nov 2020 13:36:34 GMT	279083	83819	20979
Fri, 27 Nov 2020 13:49:52 GMT	60989	16978	3497
Fri, 27 Nov 2020 14:36:46 GMT	94437	24431	7897
Fri, 27 Nov 2020 14:58:02 GMT	140854	38136	17977
Fri, 27 Nov 2020 15:03:16 GMT	211843	36088	16020
Fri, 27 Nov 2020 15:14:36 GMT	38783	12608	4093
Fri, 27 Nov 2020 15:28:14 GMT	148939	30658	8420
Fri, 27 Nov 2020 15:31:43 GMT	195945	48859	19291
Fri, 27 Nov 2020 15:38:44 GMT	22338	5311	1320
Fri, 27 Nov 2020 15:45:35 GMT	152904	50842	18325
Fri, 27 Nov 2020 15:56:13 GMT	388627	119486	122437
Fri, 27 Nov 2020 17:48:53 GMT	134184	36641	12420
Fri, 27 Nov 2020 18:59:47 GMT	177869	85214	19908
Fri, 27 Nov 2020 19:35:28 GMT	260773	65409	56361
Fri, 27 Nov 2020 23:55:37 GMT	339971	61115	33274
Sat, 28 Nov 2020 00:13:23 GMT	178733	26160	26679
Sat, 28 Nov 2020 02:57:08 GMT	157340	40179	16294
Sat, 28 Nov 2020 05:09:56 GMT	266125	87185	60470
Sat, 28 Nov 2020 15:49:03 GMT	443446	73178	29789
Sat, 28 Nov 2020 16:00:09 GMT	91415	18525	4100
Sat, 28 Nov 2020 18:35:11 GMT	145150	29724	14247
Sat, 28 Nov 2020 18:38:20 GMT	69434	13912	2490
Sat, 28 Nov 2020 19:48:23 GMT	241177	54862	30231
Sat, 28 Nov 2020 20:00:08 GMT	277991	68136	27292
Sat, 28 Nov 2020 20:10:35 GMT	294502	69755	49664
Sat, 28 Nov 2020 20:49:26 GMT	352818	76942	57114
Sun, 29 Nov 2020 00:20:46 GMT	79502	19493	5203
Sun, 29 Nov 2020 00:43:57 GMT	188748	51628	38410
Sun, 29 Nov 2020 04:31:45 GMT	62718	14350	3192
Sun, 29 Nov 2020 13:00:49 GMT	45169	11416	1742
Sun, 29 Nov 2020 14:00:29 GMT	191638	27443	28375
Sun, 29 Nov 2020 16:23:49 GMT	121603	28935	10707
Sun, 29 Nov 2020 16:24:04 GMT	117475	28698	9836
Sun, 29 Nov 2020 16:24:13 GMT	119126	27988	12073
Sun, 29 Nov 2020 16:24:48 GMT	166861	35872	29729
Mon, 30 Nov 2020 00:34:38 GMT	278744	69285	39995
Mon, 30 Nov 2020 01:05:11 GMT	190578	47584	27620
Mon, 30 Nov 2020 01:14:45 GMT	185546	31455	18428
Mon, 30 Nov 2020 01:22:05 GMT	74304	24447	11743
Mon, 30 Nov 2020 01:25:50 GMT	125599	27617	12644
Mon, 30 Nov 2020 02:55:44 GMT	269831	69565	36297
Mon, 30 Nov 2020 03:00:35 GMT	164710	43025	10589
Mon, 30 Nov 2020 03:05:16 GMT	304642	77782	83253
Mon, 30 Nov 2020 13:41:43 GMT	495058	99402	72801
Mon, 30 Nov 2020 13:59:51 GMT	195351	53406	26073
Mon, 30 Nov 2020 13:59:52 GMT	123413	29786	12809
Mon, 30 Nov 2020 14:46:39 GMT	165134	28222	15933
Mon, 30 Nov 2020 17:12:42 GMT	225283	38885	22181
Mon, 30 Nov 2020 17:28:57 GMT	66843	23340	13950
Mon, 30 Nov 2020 17:34:35 GMT	250802	63329	43803
Mon, 30 Nov 2020 18:00:38 GMT	111145	28771	8527
Mon, 30 Nov 2020 18:34:13 GMT	75280	21490	6049
Mon, 30 Nov 2020 18:59:47 GMT	48045	17271	4229
Mon, 30 Nov 2020 19:30:40 GMT	53991	14659	2872
Mon, 30 Nov 2020 20:20:54 GMT	48257	12141	2978
Mon, 30 Nov 2020 23:07:30 GMT	66293	16697	6064
Mon, 30 Nov 2020 23:39:19 GMT	94255	29531	17856
Mon, 30 Nov 2020 23:40:10 GMT	137527	29849	10331
Mon, 30 Nov 2020 23:46:53 GMT	92643	23647	9093
Mon, 30 Nov 2020 23:49:22 GMT	227466	43571	32552
Tue, 01 Dec 2020 00:02:55 GMT	100840	23166	3992
Tue, 01 Dec 2020 01:10:45 GMT	58514	21569	2736
Tue, 01 Dec 2020 01:32:44 GMT	38937	10090	2304
Tue, 01 Dec 2020 01:36:18 GMT	63754	15078	3093
Tue, 01 Dec 2020 01:50:14 GMT	65937	26751	7914
Tue, 01 Dec 2020 01:59:04 GMT	107681	24225	4737
Tue, 01 Dec 2020 03:13:58 GMT	118988	25968	10588
Tue, 01 Dec 2020 03:14:36 GMT	93960	21516	3139
Tue, 01 Dec 2020 03:21:20 GMT	53288	12272	1610
Tue, 01 Dec 2020 03:32:04 GMT	199415	39966	14856
Tue, 01 Dec 2020 03:33:24 GMT	113522	26261	9526
Tue, 01 Dec 2020 03:37:29 GMT	116751	25242	9725
Tue, 01 Dec 2020 05:03:39 GMT	245964	58560	25306
Tue, 01 Dec 2020 07:46:28 GMT	45866	12703	6794
Tue, 01 Dec 2020 13:48:19 GMT	104864	37526	6109
Tue, 01 Dec 2020 13:53:23 GMT	97513	28995	8567
Tue, 01 Dec 2020 13:56:21 GMT	115379	33342	7855
Tue, 01 Dec 2020 13:59:36 GMT	175749	43428	21035
Tue, 01 Dec 2020 14:03:39 GMT	106345	32767	18124
Tue, 01 Dec 2020 14:19:01 GMT	93710	24684	7309
Tue, 01 Dec 2020 14:29:06 GMT	81493	18787	5220
Tue, 01 Dec 2020 14:29:19 GMT	77581	19668	6975
Tue, 01 Dec 2020 14:29:30 GMT	92644	27380	10133
Tue, 01 Dec 2020 15:06:12 GMT	55140	19856	7154
Tue, 01 Dec 2020 18:05:28 GMT	39663	12529	3627
Tue, 01 Dec 2020 18:51:39 GMT	80824	21802	2941
Tue, 01 Dec 2020 18:51:44 GMT	69230	18714	2393
Tue, 01 Dec 2020 18:51:50 GMT	73168	20091	2708
Tue, 01 Dec 2020 18:51:57 GMT	70327	18433	2614
Tue, 01 Dec 2020 18:52:05 GMT	69704	18880	2734
Tue, 01 Dec 2020 18:52:20 GMT	82769	23986	3131
Tue, 01 Dec 2020 18:52:27 GMT	77671	22289	3347
Tue, 01 Dec 2020 18:52:34 GMT	75828	21442	3783
Tue, 01 Dec 2020 18:52:43 GMT	113972	32849	9538
Tue, 01 Dec 2020 19:31:28 GMT	208938	57101	28489
Tue, 01 Dec 2020 19:34:37 GMT	284256	41900	32307
Tue, 01 Dec 2020 19:40:48 GMT	111773	28912	14706
Tue, 01 Dec 2020 20:39:51 GMT	93389	28736	5399
Tue, 01 Dec 2020 20:39:59 GMT	125049	37976	9149
Tue, 01 Dec 2020 20:49:11 GMT	149300	52578	19592
Tue, 01 Dec 2020 21:18:09 GMT	53791	18072	2289
Tue, 01 Dec 2020 21:28:23 GMT	100377	31186	8878
Tue, 01 Dec 2020 21:38:49 GMT	123546	40866	16952
Tue, 01 Dec 2020 22:00:00 GMT	43858	14188	3311
Tue, 01 Dec 2020 22:09:39 GMT	50827	13753	2021
Tue, 01 Dec 2020 22:20:13 GMT	55677	14745	2375
Tue, 01 Dec 2020 23:03:02 GMT	37016	12713	3150
Tue, 01 Dec 2020 23:13:16 GMT	47126	15261	4624
Tue, 01 Dec 2020 23:13:48 GMT	55622	21329	3604
Tue, 01 Dec 2020 23:55:55 GMT	74380	14948	8555
Wed, 02 Dec 2020 00:53:43 GMT	73400	32834	5686
Wed, 02 Dec 2020 01:38:41 GMT	70465	19861	6641
Wed, 02 Dec 2020 02:45:03 GMT	248273	65850	28595
Wed, 02 Dec 2020 02:45:04 GMT	195784	46431	21138
Wed, 02 Dec 2020 02:52:19 GMT	54999	13652	3878
Wed, 02 Dec 2020 03:00:16 GMT	120774	35677	8994
Wed, 02 Dec 2020 03:27:15 GMT	105758	30798	22299
Wed, 02 Dec 2020 03:40:02 GMT	288399	51402	45420
Wed, 02 Dec 2020 04:07:35 GMT	110446	32213	9973
Wed, 02 Dec 2020 04:18:49 GMT	142021	42145	11405
Wed, 02 Dec 2020 04:31:04 GMT	94091	38072	8370
Wed, 02 Dec 2020 05:07:16 GMT	93955	25686	9229
Wed, 02 Dec 2020 05:07:21 GMT	121678	37518	10297
Wed, 02 Dec 2020 15:19:42 GMT	230843	55949	22573
Wed, 02 Dec 2020 15:38:55 GMT	232456	39026	19192
Wed, 02 Dec 2020 16:00:01 GMT	67116	21284	7194
Wed, 02 Dec 2020 16:09:18 GMT	116088	36498	7352
Wed, 02 Dec 2020 16:09:32 GMT	104098	31279	8960
Wed, 02 Dec 2020 16:34:14 GMT	223613	44984	32876
Wed, 02 Dec 2020 16:40:07 GMT	67884	15179	6951
Wed, 02 Dec 2020 18:37:28 GMT	43859	13748	4512
Wed, 02 Dec 2020 18:39:23 GMT	31629	7788	2907
Wed, 02 Dec 2020 20:56:29 GMT	312004	121456	98683
Wed, 02 Dec 2020 22:54:31 GMT	57276	17840	5160
Wed, 02 Dec 2020 23:32:27 GMT	108164	20359	8763
Wed, 02 Dec 2020 23:43:39 GMT	41881	10993	2619
Wed, 02 Dec 2020 23:43:50 GMT	262380	67242	29794
Thu, 03 Dec 2020 01:07:42 GMT	179024	48618	22786
Thu, 03 Dec 2020 02:41:01 GMT	79756	21051	4658
Thu, 03 Dec 2020 02:42:50 GMT	86560	24293	5947
Thu, 03 Dec 2020 02:43:54 GMT	96129	25354	5403
Thu, 03 Dec 2020 02:44:25 GMT	123383	33257	10011
Thu, 03 Dec 2020 02:45:35 GMT	116831	34082	10524
Thu, 03 Dec 2020 04:21:12 GMT	179486	70175	18412
Thu, 03 Dec 2020 15:17:36 GMT	204039	50031	16006
Thu, 03 Dec 2020 15:31:39 GMT	167270	41289	16110
Thu, 03 Dec 2020 16:09:07 GMT	174573	28934	13538
Thu, 03 Dec 2020 16:25:17 GMT	195305	22723	8609
Thu, 03 Dec 2020 18:32:55 GMT	67127	25515	3777
Thu, 03 Dec 2020 18:44:57 GMT	142425	70480	13556
Thu, 03 Dec 2020 19:01:39 GMT	235341	62539	29144
Thu, 03 Dec 2020 20:21:18 GMT	109779	20636	8159
Thu, 03 Dec 2020 20:50:04 GMT	109059	39656	14697
Thu, 03 Dec 2020 21:11:47 GMT	147683	48585	14804
Thu, 03 Dec 2020 21:32:41 GMT	134139	42713	15223
Thu, 03 Dec 2020 21:57:03 GMT	115150	32661	13103
Fri, 04 Dec 2020 01:15:47 GMT	189922	46743	17915
Fri, 04 Dec 2020 01:28:26 GMT	278958	69017	29779
Fri, 04 Dec 2020 04:09:56 GMT	176075	44340	26682
Fri, 04 Dec 2020 04:37:16 GMT	213264	50442	28160
Fri, 04 Dec 2020 05:57:19 GMT	103109	25912	14506
Fri, 04 Dec 2020 13:04:32 GMT	88330	13142	3372
Fri, 04 Dec 2020 13:05:26 GMT	246672	42435	20063
Fri, 04 Dec 2020 13:14:30 GMT	166945	46879	21207
Fri, 04 Dec 2020 13:53:41 GMT	130861	27679	8835
Fri, 04 Dec 2020 13:54:38 GMT	285197	52297	18239
Fri, 04 Dec 2020 13:55:25 GMT	343219	70479	44311
Fri, 04 Dec 2020 13:56:00 GMT	364704	62758	46001
Fri, 04 Dec 2020 16:42:58 GMT	62504	16136	8855
Fri, 04 Dec 2020 16:45:52 GMT	39821	8565	2983
Fri, 04 Dec 2020 16:46:24 GMT	43424	8929	4408
Fri, 04 Dec 2020 19:54:47 GMT	251779	65956	28913
Fri, 04 Dec 2020 22:41:57 GMT	277908	40808	37137
Fri, 04 Dec 2020 22:42:57 GMT	124752	22369	15866
Fri, 04 Dec 2020 22:46:29 GMT	35666	10697	3759
Fri, 04 Dec 2020 22:49:28 GMT	87681	25114	7788
Fri, 04 Dec 2020 22:55:52 GMT	114505	38378	13896
Fri, 04 Dec 2020 23:23:53 GMT	124608	27980	14497
Sat, 05 Dec 2020 01:25:50 GMT	86372	25127	8942
Sat, 05 Dec 2020 02:43:00 GMT	147585	43981	15633
Sat, 05 Dec 2020 02:44:12 GMT	86700	23809	5455
Sat, 05 Dec 2020 03:05:35 GMT	89290	24440	7727
Sat, 05 Dec 2020 03:05:40 GMT	81480	21162	8392
Sat, 05 Dec 2020 16:32:33 GMT	161473	34056	17453
Sat, 05 Dec 2020 17:02:08 GMT	214510	55127	43209
Sat, 05 Dec 2020 17:54:15 GMT	132825	38407	30337
Sat, 05 Dec 2020 21:35:04 GMT	118258	36321	14851
Sat, 05 Dec 2020 22:04:57 GMT	213320	27777	20479
Sat, 05 Dec 2020 22:33:32 GMT	126138	31862	19566
Sat, 05 Dec 2020 22:33:33 GMT	100395	21106	17332
Sun, 06 Dec 2020 02:11:19 GMT	77115	19939	7181
Sun, 06 Dec 2020 02:22:55 GMT	62155	13096	3059
Sun, 06 Dec 2020 02:23:47 GMT	34426	7275	1285
Sun, 06 Dec 2020 02:24:03 GMT	32882	6937	1145
Sun, 06 Dec 2020 02:24:15 GMT	33762	7020	1253
Sun, 06 Dec 2020 02:24:23 GMT	38953	14083	2805
Sun, 06 Dec 2020 02:24:53 GMT	43374	9739	3426
Sun, 06 Dec 2020 02:38:00 GMT	51789	12612	5151
Sun, 06 Dec 2020 02:40:28 GMT	75284	21348	7769
Sun, 06 Dec 2020 02:42:34 GMT	45847	11576	5928
